{"leagues": {"39": {"all": {"edges": [0.0, 0.1, 0.2, 0.30000000000000004, 0.4, 0.5, 0.6000000000000001, 0.7000000000000001, 0.8, 0.9, 1.0], "home": [0.08313834818539353, 0.3102367022293603, 0.4312518323072413, 0.4562532981530343, 0.36939313984168864, 0.48437716983752255, 0.5802110817941952, 0.6401809272521674, 0.5359685368646389, 0.20316622691292877], "draw": [0.2088408573390682, 0.2270448548812665, 0.2981139450796443, 0.16849726943609253, 0.2075637642919965, 0.3113456464379947, 0.44907651715039576, 0.24538258575197888, 0.24538258575197888, 0.24538258575197888], "away": [0.2018306785237304, 0.2912426184193994, 0.18696569920844325, 0.4364724984777755, 0.37827616534740544, 0.27678743805907713, 0.3913201710490401, 0.5124387485865058, 0.7661698637951936, 0.8370712401055409]}, "even|no_odds": {"edges": [0.0, 0.1, 0.2, 0.30000000000000004, 0.4, 0.5, 0.6000000000000001, 0.7000000000000001, 0.8, 0.9, 1.0], "home": [0.45, 0.27999999999999997, 0.35789473684210527, 0.4857142857142857, 0.35789473684210527, 0.32, 0.5571428571428572, 0.26666666666666666, 0.5599999999999999, 0.4], "draw": [0.12941176470588237, 0.16750700280112044, 0.3238754325259516, 0.1084033613445378, 0.25882352941176473, 0.37941176470588234, 0.5058823529411764, 0.25882352941176473, 0.25882352941176473, 0.25882352941176473], "away": [0.5260504201680672, 0.3121568627450981, 0.21045751633986928, 0.4801470588235294, 0.39019607843137255, 0.3788235294117647, 0.13647058823529412, 0.5607843137254902, 0.22745098039215686, 0.3411764705882353]}, "even": {"edges": [0.0, 0.1, 0.2, 0.30000000000000004, 0.4, 0.5, 0.6000000000000001, 0.7000000000000001, 0.8, 0.9, 1.0], "home": [0.45, 0.27999999999999997, 0.35789473684210527, 0.4857142857142857, 0.35789473684210527, 0.32, 0.5571428571428572, 0.26666666666666666, 0.5599999999999999, 0.4], "draw": [0.12941176470588237, 0.16750700280112044, 0.3238754325259516, 0.1084033613445378, 0.25882352941176473, 0.37941176470588234, 0.5058823529411764, 0.25882352941176473, 0.25882352941176473, 0.25882352941176473], "away": [0.5260504201680672, 0.3121568627450981, 0.21045751633986928, 0.4801470588235294, 0.39019607843137255, 0.3788235294117647, 0.13647058823529412, 0.5607843137254902, 0.22745098039215686, 0.3411764705882353]}, "home_strong|mid_mix|no_odds": {"edges": [0.0, 0.1, 0.2, 0.30000000000000004, 0.4, 0.5, 0.6000000000000001, 0.7000000000000001, 0.8, 0.9, 1.0], "home": [0.5304347826086957, 0.34347826086956523, 0.5152173913043478, 0.4121739130434783, 0.5043478260869565, 0.6219461697722567, 0.566304347826087, 0.5578099838969405, 0.5151586368977673, 0.35362318840579715], "draw": [0.34006211180124224, 0.19817997977755308, 0.31884057971014496, 0.16811594202898553, 0.30434782608695654, 0.2608695652173913, 0.17391304347826086, 0.2608695652173913, 0.2608695652173913, 0.2608695652173913], "away": [0.1894071146245059, 0.26552072800808896, 0.0944927536231884, 0.10434782608695652, 0.35434782608695653, 0.28347826086956524, 0.1391304347826087, 0.20869565217391303, 0.20869565217391303, 0.20869565217391303]}, "home_strong|mid_mix": {"edges": [0.0, 0.1, 0.2, 0.30000000000000004, 0.4, 0.5, 0.6000000000000001, 0.7000000000000001, 0.8, 0.9, 1.0], "home": [0.5304347826086957, 0.34347826086956523, 0.5152173913043478, 0.4121739130434783, 0.5043478260869565, 0.6219461697722567, 0.566304347826087, 0.5578099838969405, 0.5151586368977673, 0.35362318840579715], "draw": [0.34006211180124224, 0.19817997977755308, 0.31884057971014496, 0.16811594202898553, 0.30434782608695654, 0.2608695652173913, 0.17391304347826086, 0.2608695652173913, 0.2608695652173913, 0.2608695652173913], "away": [0.1894071146245059, 0.26552072800808896, 0.0944927536231884, 0.10434782608695652, 0.35434782608695653, 0.28347826086956524, 0.1391304347826087, 0.20869565217391303, 0.20869565217391303, 0.20869565217391303]}, "home_strong|no_odds": {"edges": [0.0, 0.1, 0.2, 0.30000000000000004, 0.4, 0.5, 0.6000000000000001, 0.7000000000000001, 0.8, 0.9, 1.0], "home": [0.5531914893617021, 0.4437689969604864, 0.3510638297872341, 0.4212765957446809, 0.5075987841945289, 0.6133209990749307, 0.5691489361702128, 0.6501877346683353, 0.5314977054651647, 0.3687943262411348], "draw": [0.3127659574468085, 0.18289689034369885, 0.3197399527186761, 0.2065081351689612, 0.3021276595744681, 0.2553191489361702, 0.1702127659574468, 0.2553191489361702, 0.2553191489361702, 0.2553191489361702], "away": [0.1651063829787234, 0.25295508274231676, 0.08643617021276595, 0.07659574468085106, 0.47659574468085103, 0.2304964539007092, 0.1276595744680851, 0.19148936170212766, 0.19148936170212766, 0.19148936170212766]}, "home_strong": {"edges": [0.0, 0.1, 0.2, 0.30000000000000004, 0.4, 0.5, 0.6000000000000001, 0.7000000000000001, 0.8, 0.9, 1.0], "home": [0.5531914893617021, 0.4437689969604864, 0.3510638297872341, 0.4212765957446809, 0.5075987841945289, 0.6133209990749307, 0.5691489361702128, 0.6501877346683353, 0.5314977054651647, 0.3687943262411348], "draw": [0.3127659574468085, 0.18289689034369885, 0.3197399527186761, 0.2065081351689612, 0.3021276595744681, 0.2553191489361702, 0.1702127659574468, 0.2553191489361702, 0.2553191489361702, 0.2553191489361702], "away": [0.1651063829787234, 0.25295508274231676, 0.08643617021276595, 0.07659574468085106, 0.47659574468085103, 0.2304964539007092, 0.1276595744680851, 0.19148936170212766, 0.19148936170212766, 0.19148936170212766]}, "mid_mix": {"edges": [0.0, 0.1, 0.2, 0.30000000000000004, 0.4, 0.5, 0.6000000000000001, 0.7000000000000001, 0.8, 0.9, 1.0], "home": [0.1091871091871092, 0.3146277590722035, 0.4816634816634816, 0.4116604642920432, 0.41359834908222004, 0.4653396712220242, 0.5859832896869934, 0.5455706490189249, 0.5082448415781748, 0.27384960718294055], "draw": [0.24956228956228954, 0.22478114478114478, 0.28484219138424743, 0.12103012103012104, 0.21115921115921116, 0.11952861952861953, 0.4130190796857463, 0.23905723905723905, 0.23905723905723905, 0.23905723905723905], "away": [0.22833894500561167, 0.2950056116722783, 0.22308555641888977, 0.38501683501683504, 0.36251402918069586, 0.29394959697990003, 0.4178691678691679, 0.5291806958473625, 0.708013468013468, 0.6750841750841751]}, "away_strong|mid_mix|no_odds": {"edges": [0.0, 0.1, 0.2, 0.30000000000000004, 0.4, 0.5, 0.6000000000000001, 0.7000000000000001, 0.8, 0.9, 1.0], "home": [0.07598039215686275, 0.3189102564102564, 0.5291666666666667, 0.39814814814814814, 0.25833333333333336, 0.14583333333333334, 0.39583333333333337, 0.5277777777777778, 0.2916666666666667, 0.2916666666666667], "draw": [0.14855072463768115, 0.2655038759689922, 0.21899224806201548, 0.10119047619047619, 0.10416666666666667, 0.1388888888888889, 0.3541666666666667, 0.20833333333333334, 0.20833333333333334, 0.20833333333333334], "away": [0.5, 0.5714285714285714, 0.4444444444444444, 0.5, 0.3333333333333333, 0.2631578947368421, 0.48, 0.5217391304347826, 0.75, 0.75]}, "away_strong|mid_mix": {"edges": [0.0, 0.1, 0.2, 0.30000000000000004, 0.4, 0.5, 0.6000000000000001, 0.7000000000000001, 0.8, 0.9, 1.0], "home": [0.07598039215686275, 0.3189102564102564, 0.5291666666666667, 0.39814814814814814, 0.25833333333333336, 0.14583333333333334, 0.39583333333333337, 0.5277777777777778, 0.2916666666666667, 0.2916666666666667], "draw": [0.14855072463768115, 0.2655038759689922, 0.21899224806201548, 0.10119047619047619, 0.10416666666666667, 0.1388888888888889, 0.3541666666666667, 0.20833333333333334, 0.20833333333333334, 0.20833333333333334], "away": [0.5, 0.5714285714285714, 0.4444444444444444, 0.5, 0.3333333333333333, 0.2631578947368421, 0.48, 0.5217391304347826, 0.75, 0.75]}, "away_strong|no_odds": {"edges": [0.0, 0.1, 0.2, 0.30000000000000004, 0.4, 0.5, 0.6000000000000001, 0.7000000000000001, 0.8, 0.9, 1.0], "home": [0.06825037707390648, 0.3078775369797042, 0.5019607843137255, 0.4135472370766488, 0.23172905525846701, 0.30980392156862746, 0.5098039215686274, 0.5163398692810458, 0.27450980392156865, 0.27450980392156865],