{"leagues": {"39": {"all": {"edges": [0.0, 0.1, 0.2, 0.30000000000000004, 0.4, 0.5, 0.6000000000000001, 0.7000000000000001, 0.8, 0.9, 1.0], "home": [0.17777777777777778, 0.3285024154589372, 0.47019867549668876, 0.40860215053763443, 0.4157303370786517, 0.5604395604395604, 0.45, 0.6727272727272727, 0.6225165562913907, 0.6666666666666666], "draw": [0.19838056680161945, 0.24722222222222223, 0.25825825825825827, 0.19047619047619047, 0.10714285714285714, 0.2222222222222222, 0.3, 0.5, 1.0, 0.23043095866314864], "away": [0.1724137931034483, 0.22941176470588234, 0.2706766917293233, 0.30275229357798167, 0.40816326530612246, 0.3333333333333333, 0.34831460674157305, 0.5, 0.61, 0.8333333333333334]}, "even": {"edges": [0.0, 0.1, 0.2, 0.30000000000000004, 0.4, 0.5, 0.6000000000000001, 0.7000000000000001, 0.8, 0.9, 1.0], "home": [0.4, 0.6521739130434783, 0.484375, 0.358974358974359, 0.40540540540540543, 0.5757575757575758, 0.391304347826087, 0.42857142857142855, 0.875, 0.4796747967479675], "draw": [0.0, 0.25, 0.22727272727272727, 0.14285714285714285, 0.1111111111111111, 0.3333333333333333, 0.3333333333333333, 0.0, 0.2073170731707317, 0.2073170731707317], "away": [0.4117647058823529, 0.23076923076923078, 0.2833333333333333, 0.3103448275862069, 0.47058823529411764, 0.35, 0.06666666666666667, 1.0, 0.0, 0.3130081300813008]}, "home_strong": {"edges": [0.0, 0.1, 0.2, 0.30000000000000004, 0.4, 0.5, 0.6000000000000001, 0.7000000000000001, 0.8, 0.9, 1.0], "home": [1.0, 0.3333333333333333, 0.375, 0.625, 0.625, 0.5918367346938775, 0.4716981132075472, 0.7052631578947368, 0.6083916083916084, 0.6666666666666666], "draw": [0.19718309859154928, 0.22297297297297297, 0.29545454545454547, 0.2, 0.2222222222222222, 0.0, 0.0, 0.22588235294117648, 0.22588235294117648, 0.22588235294117648], "away": [0.15416666666666667, 0.19298245614035087, 0.14893617021276595, 0.07692307692307693, 0.5, 0.16666666666666666, 0.0, 0.16470588235294117, 0.16470588235294117, 0.16470588235294117]}, "away_strong": {"edges": [0.0, 0.1, 0.2, 0.30000000000000004, 0.4, 0.5, 0.6000000000000001, 0.7000000000000001, 0.8, 0.9, 1.0], "home": [0.16279069767441862, 0.28651685393258425, 0.46835443037974683, 0.3684210526315789, 0.25, 0.3333333333333333, 0.5, 1.0, 0.2918454935622318, 0.2918454935622318], "draw": [0.21, 0.2692307692307692, 0.25925925925925924, 0.23214285714285715, 0.0, 0.0, 0.4, 1.0, 1.0, 0.24678111587982832], "away": [0.25, 0.47058823529411764, 0.46153846153846156, 0.3684210526315789, 0.36666666666666664, 0.34545454545454546, 0.410958904109589, 0.48863636363636365, 0.6161616161616161, 0.8333333333333334]}}, "140": {"all": {"edges": [0.0, 0.1, 0.2, 0.30000000000000004, 0.4, 0.5, 0.6000000000000001, 0.7000000000000001, 0.8, 0.9, 1.0], "home": [0.27522935779816515, 0.31981981981981983, 0.36538461538461536, 0.43119266055045874, 0.52, 0.44047619047619047, 0.5227272727272727, 0.5849056603773585, 0.7111111111111111, 0.6785714285714286], "draw": [0.2247191011235955, 0.264026402640264, 0.25333333333333335, 0.31216931216931215, 0.2037037037037037, 0.2, 0.07692307692307693, 0.25, 0.5, 0.256816182937555], "away": [0.1299638989169675, 0.22631578947368422, 0.3055555555555556, 0.24719101123595505, 0.42857142857142855, 0.3111111111111111, 0.5113636363636364, 0.38666666666666666, 0.4461538461538462, 0.5714285714285714]}, "even": {"edges": [0.0, 0.1, 0.2, 0.30000000000000004, 0.4, 0.5, 0.6000000000000001, 0.7000000000000001, 0.8, 0.9, 1.0], "home": [0.3333333333333333, 0.34615384615384615, 0.41509433962264153, 0.4528301886792453, 0.6153846153846154, 0.40476190476190477, 0.42857142857142855, 0.6, 0.6666666666666666, 0.4659498207885305], "draw": [0.14285714285714285, 0.37142857142857144, 0.3025210084033613, 0.27380952380952384, 0.2, 0.25, 0.5, 0.6666666666666666, 0.2939068100358423, 0.2939068100358423], "away": [0.13333333333333333, 0.22727272727272727, 0.2972972972972973, 0.18604651162790697, 0.3448275862068966, 0.14285714285714285, 0.4444444444444444, 0.0, 0.5, 0.0]}, "home_strong": {"edges": [0.0, 0.1, 0.2, 0.30000000000000004, 0.4, 0.5, 0.6000000000000001, 0.7000000000000001, 0.8, 0.9, 1.0], "home": [0.0, 0.5, 0.875, 0.5555555555555556, 0.5925925925925926, 0.4864864864864865, 0.5689655172413793, 0.5851063829787234, 0.7142857142857143, 0.6785714285714286], "draw": [0.19469026548672566, 0.2, 0.26804123711340205, 0.36, 0.1111111111111111, 0.0, 0.0, 0.0, 1.0, 0.2185929648241206], "away": [0.12757201646090535, 0.21100917431192662, 0.21212121212121213, 0.0, 0.5, 0.3333333333333333, 0.15829145728643215, 0.15829145728643215, 0.15829145728643215, 0.15829145728643215]}, "away_strong": {"edges": [0.0, 0.1, 0.2, 0.30000000000000004, 0.4, 0.5, 0.6000000000000001, 0.7000000000000001, 0.8, 0.9, 1.0], "home": [0.27450980392156865, 0.3064516129032258, 0.29473684210526313, 0.3829787234042553, 0.19047619047619047, 0.4, 0.5, 0.5, 0.30217391304347824, 0.30217391304347824], "draw": [0.29310344827586204, 0.3046875, 0.20754716981132076, 0.3375, 0.25, 0.2857142857142857, 0.0, 0.0, 0.0, 0.2673913043478261], "away": [0.25, 0.3333333333333333, 0.40540540540540543, 0.3684210526315789, 0.4567901234567901, 0.36363636363636365, 0.5189873417721519, 0.4084507042253521, 0.4444444444444444, 0.6666666666666666]}}, "135": {"all": {"edges": [0.0, 0.1, 0.2, 0.30000000000000004, 0.4, 0.5, 0.6000000000000001, 0.7000000000000001, 0.8, 0.9, 1.0], "home": [0.2422360248447205, 0.29439252336448596, 0.34057971014492755, 0.3191489361702128, 0.32857142857142857, 0.5212765957446809, 0.5568181818181818, 0.5241935483870968, 0.6805555555555556, 0.6363636363636364], "draw": [0.19428571428571428, 0.2622478386167147, 0.2857142857142857, 0.2897727272727273, 0.42, 0.5625, 0.5833333333333334, 0.5, 0.5, 0.28031634446397186], "away": [0.14432989690721648, 0.17894736842105263, 0.3119266055045872, 0.297029702970297, 0.379746835443038, 0.4166666666666667, 0.48484848484848486, 0.5274725274725275, 0.5217391304347826, 0.0]}, "even": {"edges": [0.0, 0.1, 0.2, 0.30000000000000004, 0.4, 0.5, 0.6000000000000001, 0.7000000000000001, 0.8, 0.9, 1.0], "home": [0.5, 0.3, 0.328125, 0.3409090909090909, 0.3125, 0.42857142857142855, 0.5666666666666667, 0.3333333333333333, 1.0, 0.38823529411764707], "draw": [0.0, 0.26, 0.33980582524271846, 0.30985915492957744, 0.5, 0.8333333333333334, 1.0, 0.0, 0.0, 0.33725490196078434], "away": [0.13793103448275862, 0.26666666666666666, 0.3018867924528302, 0.25, 0.32142857142857145, 0.3333333333333333, 0.3888888888888889, 0.3333333333333333, 0.27450980392156865, 0.27450980392156865]}, "away_strong": {"edges": [0.0, 0.1, 0.2, 0.30000000000000004, 0.4, 0.5, 0.6000000000000001, 0.7000000000000001, 0.8, 0.9, 1.0], "home": [0.23717948717948717, 0.28888888888888886, 0.352112676056338, 0.23529411764705882, 0.14285714285714285, 0.25, 0.5, 0.0, 0.27155172413793105, 0.27155172413793105], "draw": [0.2602739726027397, 0.2112676056338028, 0.2569444444444444, 0.19047619047619047, 0.4, 0.5, 0.375, 0.5, 0.25, 0.25], "away": [0.4, 0.2916666666666667, 0.5652173913043478, 0.40625, 0.4375, 0.43478260869565216, 0.5061728395061729, 0.5340909090909091, 0.5217391304347826, 0.0]}, "home_strong": {"edges": [0.0, 0.1, 0.2, 0.30000000000000004, 0.4, 0.5, 0.6000000000000001, 0.7000000000000001, 0.8, 0.9, 1.0], "home": [0.0, 0.5, 0.3333333333333333, 0.4375, 0.4583333333333333, 0.5806451612903226, 0.5535714285714286, 0.5660377358490566, 0.6617647058823529, 0.6363636363636364], "draw": [0.15, 0.3096774193548387, 0.27184466019417475, 0.40476190476190477, 0.3, 0.0, 1.0, 0.6666666666666666, 1.0, 0.27923627684964203], "away": [0.14007782101167315, 0.12396694214876033, 0.15151515151515152, 0.2, 0.0, 0.1360381861575179, 0.1360381861575179, 0.1360381861575179, 0.1360381861575179, 0.1360381861575179]}}, "78": {"all": {"edges": [0.0, 0.1, 0.2, 0.30000000000000004, 0.4, 0.5, 0.6000000000000001, 0.7000000000000001, 0.8, 0.9, 1.0],