{"leagues": {"39": {"name": "Premier League", "weights": {"form_decay": 0.8, "ppg": 0.225, "table_ppg": 0.315, "home_advantage": 0.05}, "metrics": {"brier": 0.21687431634753307, "logloss": 1.096839826833058, "accuracy": 0.49076517150395776, "samples": 758}}, "140": {"name": "La Liga", "weights": {"form_decay": 0.8, "ppg": 0.225, "table_ppg": 0.35, "home_advantage": 0.05}, "metrics": {"brier": 0.22829780409762437, "logloss": 1.1453922237601604, "accuracy": 0.46965699208443273, "samples": 758}}, "135": {"name": "Serie A", "weights": {"form_decay": 0.8, "ppg": 0.225, "table_ppg": 0.315, "home_advantage": 0.05}, "metrics": {"brier": 0.21650789303948295, "logloss": 1.0962636889082602, "accuracy": 0.503957783641161, "samples": 758}}, "78": {"name": "Bundesliga", "weights": {"form_decay": 0.8, "ppg": 0.225, "table_ppg": 0.315, "home_advantage": 0.05}, "metrics": {"brier": 0.24211205161912158, "logloss": 1.2047479262435419, "accuracy": 0.42996742671009774, "samples": 614}}, "2": {"name": "UEFA Champions League", "weights": {"form_decay": 0.8, "ppg": 0.225, "table_ppg": 0.315, "home_advantage": 0.11}, "metrics": {"brier": 0.24922217560399626, "logloss": 1.2554615253041255, "accuracy": 0.417910447761194, "samples": 536}}, "3": {"name": "UEFA Europa League", "weights": {"form_decay": 0.8, "ppg": 0.225, "table_ppg": 0.315, "home_advantage": 0.11}, "metrics": {"brier": 0.2389515946357361, "logloss": 1.205210248920172, "accuracy": 0.4549019607843137, "samples": 510}}}, "errors": {}}