{"leagues": {"39": {"name": "Premier League", "weights": {"form_decay": 0.8, "ppg": 0.225, "table_ppg": 0.35, "home_advantage": 0.08}, "metrics": {"brier": 0.22083649532202743, "logloss": 1.1191861284388926, "accuracy": 0.49428320140721194, "samples": 2274}}, "140": {"name": "La Liga", "weights": {"form_decay": 0.8, "ppg": 0.225, "table_ppg": 0.35, "home_advantage": 0.05}, "metrics": {"brier": 0.22503961378745535, "logloss": 1.132770415101561, "accuracy": 0.47493403693931396, "samples": 2274}}, "135": {"name": "Serie A", "weights": {"form_decay": 0.8, "ppg": 0.225, "table_ppg": 0.315, "home_advantage": 0.05}, "metrics": {"brier": 0.2198547347863124, "logloss": 1.1076524932240845, "accuracy": 0.4929701230228471, "samples": 2276}}, "78": {"name": "Bundesliga", "weights": {"form_decay": 0.8, "ppg": 0.225, "table_ppg": 0.315, "home_advantage": 0.05}, "metrics": {"brier": 0.231431295259384, "logloss": 1.164852613395374, "accuracy": 0.47391304347826085, "samples": 1840}}, "2": {"name": "UEFA Champions League", "weights": {"form_decay": 0.8, "ppg": 0.225, "table_ppg": 0.315, "home_advantage": 0.11}, "metrics": {"brier": 0.24190363419586108, "logloss": 1.2198223336255343, "accuracy": 0.4277198211624441, "samples": 1342}}, "3": {"name": "UEFA Europa League", "weights": {"form_decay": 0.8, "ppg": 0.225, "table_ppg": 0.315, "home_advantage": 0.11}, "metrics": {"brier": 0.2424435950813021, "logloss": 1.2275891204670113, "accuracy": 0.4397283531409168, "samples": 1178}}}, "errors": {}}